{"lr": 0.0009999828177720757, "data_time": 4.568655025959015, "grad_norm": 7.189390969276428, "loss": 1.772621864080429, "top1_acc": 0.25, "top5_acc": 0.9375, "loss_cls": 1.772621864080429, "time": 47.799078142642976, "epoch": 1, "iter": 20, "memory": 5968, "step": 20}
