{"lr": 0.09999828177720756, "data_time": 5.878577971458435, "grad_norm": 10.417211961746215, "loss": 7.023132485151291, "top1_acc": 0.1875, "top5_acc": 0.75, "loss_cls": 7.023132485151291, "time": 57.24507884979248, "epoch": 1, "iter": 20, "memory": 5960, "step": 20}
{"lr": 0.09999276075132874, "data_time": 0.056831979751586915, "grad_norm": 2.6587049067020416, "loss": 2.7541907370090484, "top1_acc": 0.125, "top5_acc": 0.75, "loss_cls": 2.7541907370090484, "time": 50.34631109237671, "epoch": 1, "iter": 40, "memory": 5960, "step": 40}
{"lr": 0.09998343258316379, "data_time": 0.06014496088027954, "grad_norm": 1.5186483234167099, "loss": 2.252116024494171, "top1_acc": 0.1875, "top5_acc": 0.8125, "loss_cls": 2.252116024494171, "time": 51.40699800252914, "epoch": 1, "iter": 60, "memory": 5960, "step": 60}
{"lr": 0.09997029798308896, "data_time": 0.03050186634063721, "grad_norm": 1.0446090072393417, "loss": 2.0734315633773805, "top1_acc": 0.1875, "top5_acc": 0.875, "loss_cls": 2.0734315633773805, "time": 50.6948738694191, "epoch": 1, "iter": 80, "memory": 5960, "step": 80}
{"lr": 0.09995335795135482, "data_time": 0.038599801063537595, "grad_norm": 0.8072786152362823, "loss": 1.7932836532592773, "top1_acc": 0.1875, "top5_acc": 1.0, "loss_cls": 1.7932836532592773, "time": 49.384963190555574, "epoch": 1, "iter": 100, "memory": 5960, "step": 100}
{"lr": 0.09993261377801035, "data_time": 0.03243613243103027, "grad_norm": 0.822197037935257, "loss": 1.6515050888061524, "top1_acc": 0.3125, "top5_acc": 0.9375, "loss_cls": 1.6515050888061524, "time": 49.55117827653885, "epoch": 1, "iter": 120, "memory": 5960, "step": 120}
{"lr": 0.09990806704280475, "data_time": 0.03681626319885254, "grad_norm": 0.6552136689424515, "loss": 1.6258786559104919, "top1_acc": 0.25, "top5_acc": 1.0, "loss_cls": 1.6258786559104919, "time": 49.66940425634384, "epoch": 1, "iter": 140, "memory": 5960, "step": 140}
{"lr": 0.09987971961506693, "data_time": 0.03079221248626709, "grad_norm": 0.6937385782599449, "loss": 1.5817438542842865, "top1_acc": 0.4375, "top5_acc": 1.0, "loss_cls": 1.5817438542842865, "time": 50.303734076023105, "epoch": 1, "iter": 160, "memory": 5960, "step": 160}
{"lr": 0.09984757365356318, "data_time": 0.0380301833152771, "grad_norm": 0.6755085214972496, "loss": 1.5953348457813263, "top1_acc": 0.3125, "top5_acc": 1.0, "loss_cls": 1.5953348457813263, "time": 49.83498024940491, "epoch": 1, "iter": 180, "memory": 5960, "step": 180}
{"lr": 0.09981163160633294, "data_time": 0.037976551055908206, "grad_norm": 0.6122737526893616, "loss": 1.5882704913616181, "top1_acc": 0.25, "top5_acc": 0.9375, "loss_cls": 1.5882704913616181, "time": 50.67715494632721, "epoch": 1, "iter": 200, "memory": 5960, "step": 200}
{"lr": 0.09977189621050236, "data_time": 0.034502851963043216, "grad_norm": 0.5255095660686493, "loss": 1.4810872793197631, "top1_acc": 0.5, "top5_acc": 1.0, "loss_cls": 1.4810872793197631, "time": 51.4784994840622, "epoch": 1, "iter": 220, "memory": 5960, "step": 220}
{"lr": 0.09972837049207567, "data_time": 0.0327356219291687, "grad_norm": 0.5930000215768814, "loss": 1.4375832438468934, "top1_acc": 0.375, "top5_acc": 0.9375, "loss_cls": 1.4375832438468934, "time": 51.13061401844025, "epoch": 1, "iter": 240, "memory": 5960, "step": 240}
{"lr": 0.09968105776570474, "data_time": 0.03421907424926758, "grad_norm": 0.5203487485647201, "loss": 1.461249017715454, "top1_acc": 0.125, "top5_acc": 1.0, "loss_cls": 1.461249017715454, "time": 50.39858877658844, "epoch": 1, "iter": 260, "memory": 5960, "step": 260}
{"lr": 0.09962996163443695, "data_time": 0.03242126703262329, "grad_norm": 0.6654267951846122, "loss": 1.4812143623828888, "top1_acc": 0.3125, "top5_acc": 1.0, "loss_cls": 1.4812143623828888, "time": 49.752784287929536, "epoch": 1, "iter": 280, "memory": 5960, "step": 280}
{"lr": 0.09957508598944045, "data_time": 0.03195861577987671, "grad_norm": 0.5781558662652969, "loss": 1.3963322699069978, "top1_acc": 0.4375, "top5_acc": 0.9375, "loss_cls": 1.3963322699069978, "time": 49.70486533641815, "epoch": 1, "iter": 300, "memory": 5960, "step": 300}
{"acc/top1": 0.35833333333333334, "acc/top5": 0.9583333333333334, "acc/mean1": 0.35694444444444445, "data_time": 8.120395183563232, "time": 14.568429201841354, "step": 1}
{"lr": 0.09951643500970815, "data_time": 0.2538686990737915, "grad_norm": 0.8296968981623649, "loss": 1.5250110924243927, "top1_acc": 0.375, "top5_acc": 0.9375, "loss_cls": 1.5250110924243927, "time": 50.46321676969528, "epoch": 2, "iter": 320, "memory": 5960, "step": 320}
{"lr": 0.09945401316173914, "data_time": 0.04718714952468872, "grad_norm": 0.6904443085193634, "loss": 1.5415036380290985, "top1_acc": 0.4375, "top5_acc": 0.9375, "loss_cls": 1.5415036380290985, "time": 49.820607447624205, "epoch": 2, "iter": 340, "memory": 5960, "step": 340}
{"lr": 0.09938782519919889, "data_time": 0.05863159894943237, "grad_norm": 0.6337219148874282, "loss": 1.5523602962493896, "top1_acc": 0.25, "top5_acc": 1.0, "loss_cls": 1.5523602962493896, "time": 50.96269026994705, "epoch": 2, "iter": 360, "memory": 5960, "step": 360}
{"lr": 0.09931787616255698, "data_time": 0.04732837677001953, "grad_norm": 0.5598614349961281, "loss": 1.4821984350681305, "top1_acc": 0.5625, "top5_acc": 0.9375, "loss_cls": 1.4821984350681305, "time": 50.25415551662445, "epoch": 2, "iter": 380, "memory": 5960, "step": 380}
{"lr": 0.09924417137870341, "data_time": 0.06856700181961059, "grad_norm": 0.6097792193293572, "loss": 1.325199818611145, "top1_acc": 0.3125, "top5_acc": 0.875, "loss_cls": 1.325199818611145, "time": 50.830326998233794, "epoch": 2, "iter": 400, "memory": 5960, "step": 400}
{"lr": 0.09916671646054274, "data_time": 0.05362735986709595, "grad_norm": 0.7275658071041107, "loss": 1.4487266540527344, "top1_acc": 0.25, "top5_acc": 1.0, "loss_cls": 1.4487266540527344, "time": 51.20676847696304, "epoch": 2, "iter": 420, "memory": 5960, "step": 420}
{"lr": 0.09908551730656694, "data_time": 0.07309598922729492, "grad_norm": 0.5439010389149189, "loss": 1.3396573394536972, "top1_acc": 0.4375, "top5_acc": 1.0, "loss_cls": 1.3396573394536972, "time": 50.574898707866666, "epoch": 2, "iter": 440, "memory": 5960, "step": 440}
{"lr": 0.09900058010040592, "data_time": 0.05242640972137451, "grad_norm": 0.6182010352611542, "loss": 1.3939438998699187, "top1_acc": 0.25, "top5_acc": 1.0, "loss_cls": 1.3939438998699187, "time": 50.03503838777542, "epoch": 2, "iter": 460, "memory": 5960, "step": 460}
{"lr": 0.09891191131035677, "data_time": 0.06731112003326416, "grad_norm": 0.5965055823326111, "loss": 1.3988484919071198, "top1_acc": 0.4375, "top5_acc": 0.9375, "loss_cls": 1.3988484919071198, "time": 50.05273368358612, "epoch": 2, "iter": 480, "memory": 5960, "step": 480}
