{"lr": 0.0009999828177720757, "data_time": 2.775745356082916, "grad_norm": 7.346163940429688, "loss": 1.7618413329124452, "top1_acc": 0.125, "top5_acc": 1.0, "loss_cls": 1.7618413329124452, "time": 32.685642552375796, "epoch": 1, "iter": 20, "memory": 5968, "step": 20}
{"lr": 0.0009999276075132871, "data_time": 0.024794626235961913, "grad_norm": 7.062383365631104, "loss": 1.4996881127357482, "top1_acc": 0.3125, "top5_acc": 1.0, "loss_cls": 1.4996881127357482, "time": 29.43768790960312, "epoch": 1, "iter": 40, "memory": 5968, "step": 40}
{"lr": 0.0009998343258316375, "data_time": 0.022940468788146973, "grad_norm": 6.512871885299683, "loss": 1.3880808293819427, "top1_acc": 0.375, "top5_acc": 1.0, "loss_cls": 1.3880808293819427, "time": 29.464041447639467, "epoch": 1, "iter": 60, "memory": 5968, "step": 60}
{"lr": 0.000999702979830889, "data_time": 0.020783722400665283, "grad_norm": 6.274353432655334, "loss": 1.2035041123628616, "top1_acc": 0.6875, "top5_acc": 1.0, "loss_cls": 1.2035041123628616, "time": 29.588893592357635, "epoch": 1, "iter": 80, "memory": 5968, "step": 80}
{"lr": 0.0009995335795135478, "data_time": 0.03171871900558472, "grad_norm": 6.187409830093384, "loss": 1.2701270937919618, "top1_acc": 0.6875, "top5_acc": 1.0, "loss_cls": 1.2701270937919618, "time": 29.737167537212372, "epoch": 1, "iter": 100, "memory": 5968, "step": 100}
{"lr": 0.0009993261377801038, "data_time": 0.030294978618621828, "grad_norm": 6.943802285194397, "loss": 1.095447826385498, "top1_acc": 0.625, "top5_acc": 1.0, "loss_cls": 1.095447826385498, "time": 29.723454558849333, "epoch": 1, "iter": 120, "memory": 5968, "step": 120}
{"lr": 0.0009990806704280478, "data_time": 0.030337417125701906, "grad_norm": 6.511218619346619, "loss": 1.0109211415052415, "top1_acc": 0.625, "top5_acc": 0.9375, "loss_cls": 1.0109211415052415, "time": 29.851472675800323, "epoch": 1, "iter": 140, "memory": 5968, "step": 140}
{"lr": 0.0009987971961506698, "data_time": 0.03238370418548584, "grad_norm": 6.3398452520370485, "loss": 0.9478372648358345, "top1_acc": 0.5, "top5_acc": 1.0, "loss_cls": 0.9478372648358345, "time": 29.69508378505707, "epoch": 1, "iter": 160, "memory": 5968, "step": 160}
{"lr": 0.0009984757365356332, "data_time": 0.028460514545440675, "grad_norm": 6.13599956035614, "loss": 0.9076827228069305, "top1_acc": 0.625, "top5_acc": 1.0, "loss_cls": 0.9076827228069305, "time": 29.688862001895906, "epoch": 1, "iter": 180, "memory": 5968, "step": 180}
{"lr": 0.0009981163160633312, "data_time": 0.04419552087783814, "grad_norm": 6.540463995933533, "loss": 0.8700603455305099, "top1_acc": 0.75, "top5_acc": 1.0, "loss_cls": 0.8700603455305099, "time": 46.74130557775497, "epoch": 1, "iter": 200, "memory": 5968, "step": 200}
{"lr": 0.0009977189621050255, "data_time": 0.052820134162902835, "grad_norm": 7.01514755487442, "loss": 0.9070171937346458, "top1_acc": 0.75, "top5_acc": 1.0, "loss_cls": 0.9070171937346458, "time": 47.747843337059024, "epoch": 1, "iter": 220, "memory": 5968, "step": 220}
{"lr": 0.0009972837049207586, "data_time": 0.04312901496887207, "grad_norm": 5.3515716075897215, "loss": 0.7220159903168678, "top1_acc": 0.5625, "top5_acc": 1.0, "loss_cls": 0.7220159903168678, "time": 53.3610338807106, "epoch": 1, "iter": 240, "memory": 5968, "step": 240}
{"lr": 0.0009968105776570495, "data_time": 0.04465019702911377, "grad_norm": 5.868395364284515, "loss": 0.7726913332939148, "top1_acc": 0.8125, "top5_acc": 1.0, "loss_cls": 0.7726913332939148, "time": 53.36932569742203, "epoch": 1, "iter": 260, "memory": 5968, "step": 260}
{"lr": 0.0009962996163443713, "data_time": 0.04060341119766235, "grad_norm": 5.286045551300049, "loss": 0.6927712112665176, "top1_acc": 0.8125, "top5_acc": 1.0, "loss_cls": 0.6927712112665176, "time": 54.0140052318573, "epoch": 1, "iter": 280, "memory": 5968, "step": 280}
{"lr": 0.0009957508598944064, "data_time": 0.027352404594421387, "grad_norm": 5.5591540217399595, "loss": 0.5905378371477127, "top1_acc": 0.75, "top5_acc": 1.0, "loss_cls": 0.5905378371477127, "time": 49.44730942249298, "epoch": 1, "iter": 300, "memory": 5968, "step": 300}
{"acc/top1": 0.6666666666666666, "acc/top5": 1.0, "acc/mean1": 0.6661944182707408, "data_time": 10.08535149693489, "time": 15.040004670619965, "step": 1}
{"lr": 0.0009951643500970835, "data_time": 0.17235772609710692, "grad_norm": 5.597847414016724, "loss": 0.714484041929245, "top1_acc": 0.875, "top5_acc": 1.0, "loss_cls": 0.714484041929245, "time": 34.7359134554863, "epoch": 2, "iter": 320, "memory": 5968, "step": 320}
{"lr": 0.0009945401316173938, "data_time": 0.04399597644805908, "grad_norm": 4.68410370349884, "loss": 0.5704558178782463, "top1_acc": 0.9375, "top5_acc": 1.0, "loss_cls": 0.5704558178782463, "time": 53.41579006910324, "epoch": 2, "iter": 340, "memory": 5968, "step": 340}
{"lr": 0.0009938782519919916, "data_time": 0.06063985824584961, "grad_norm": 5.787771689891815, "loss": 0.6557541117072105, "top1_acc": 0.75, "top5_acc": 1.0, "loss_cls": 0.6557541117072105, "time": 53.17823185920715, "epoch": 2, "iter": 360, "memory": 5968, "step": 360}
